UserAgentString,Key,Version 1.7 Value,Version 2.1 Value
"Mozilla/5.0 (Linux; Android 6.0.1; SM-G900V Build/MMB29M; wv) AppleWebKit/537.36 (KHTML, like Gecko) Version/4.0 Chrome/51.0.2704.81 Mobile Safari/537.36",vendor,Sprint,Samsung
"Mozilla/5.0 (Linux; Android 6.0.1; SM-G900V Build/MMB29M; wv) AppleWebKit/537.36 (KHTML, like Gecko) Version/4.0 Chrome/51.0.2704.81 Mobile Safari/537.36",model,SM-G900P,SM-G900V
"Mozilla/5.0 (Linux; Android 4.4.4; GT-I9060I Build/KTU84P) AppleWebKit/537.36 (KHTML, like Gecko) Version/4.0 Chrome/33.0.0.0 Mobile Safari/537.36",model,GT-I9060,GT-I9060I
"Mozilla/5.0 (Linux; Android 6.0.1; SM-G900F Build/MMB29M; wv) AppleWebKit/537.36 (KHTML, like Gecko) Version/4.0 Chrome/51.0.2704.81 Mobile Safari/537.36",vendor,Sprint,Samsung
"Mozilla/5.0 (Linux; Android 6.0.1; SM-G900F Build/MMB29M; wv) AppleWebKit/537.36 (KHTML, like Gecko) Version/4.0 Chrome/51.0.2704.81 Mobile Safari/537.36",model,SM-G900P,SM-G900F
"Mozilla/5.0 (Linux; Android 5.0; SM-G900F Build/LRX21T; wv) AppleWebKit/537.36 (KHTML, like Gecko) Version/4.0 Chrome/51.0.2704.81 Mobile Safari/537.36",vendor,Sprint,Samsung
"Mozilla/5.0 (Linux; Android 5.0; SM-G900F Build/LRX21T; wv) AppleWebKit/537.36 (KHTML, like Gecko) Version/4.0 Chrome/51.0.2704.81 Mobile Safari/537.36",model,SM-G900P,SM-G900F
"Mozilla/5.0 (Linux; Android 6.0.1; SM-G900P Build/MMB29M; wv) AppleWebKit/537.36 (KHTML, like Gecko) Version/4.0 Chrome/51.0.2704.81 Mobile Safari/537.36",vendor,Sprint,Samsung
"Mozilla/5.0 (Linux; Android; Device) LiveRailSDK/2.4.0 (AB/com.juteralabs.perktv;AV/3.2.0;BV/76)",osVersions,2.3,null
"Mozilla/5.0 (Linux; Android; Device) LiveRailSDK/2.4.0 (AB/com.juteralabs.perktv;AV/3.2.0;BV/76)",vendor,Samsung,null
"Mozilla/5.0 (Linux; Android; Device) LiveRailSDK/2.4.0 (AB/com.juteralabs.perktv;AV/3.2.0;BV/76)",model,GT-I9100 Galaxy S2,UnKnown
"Mozilla/5.0 (Linux; Android 5.1.1; SAMSUNG-SM-G900A Build/LMY47X; wv) AppleWebKit/537.36 (KHTML, like Gecko) Version/4.0 Chrome/51.0.2704.81 Mobile Safari/537.36",model,SM-G730A,SM-G900A
"WindowsAdClient/8.1.40402.2 (Windows; XAML)",osName,Windows,null
"Mozilla/5.0 (Linux; Android 5.0.1; ALE-L21 Build/HuaweiALE-L21) AppleWebKit/537.36 (KHTML, like Gecko) Version/4.0 Chrome/37.0.0.0 Mobile Safari/537.36",vendor,NTech,Huawei
"Mozilla/5.0 (Linux; Android 5.0.1; ALE-L21 Build/HuaweiALE-L21) AppleWebKit/537.36 (KHTML, like Gecko) Version/4.0 Chrome/37.0.0.0 Mobile Safari/537.36",model,Alexis RX5,ALE-L21
"Mozilla/5.0 (Linux; Android 4.4.4; SM-T113 Build/KTU84P) AppleWebKit/537.36 (KHTML, like Gecko) Version/4.0 Chrome/33.0.0.0 Safari/537.36",model,SM-T110,SM-T113
"Mozilla/5.0 (Linux; Android 6.0.1; SAMSUNG-SM-G920A Build/MMB29K; wv) AppleWebKit/537.36 (KHTML, like Gecko) Version/4.0 Chrome/51.0.2704.81 Mobile Safari/537.36",model,SM-G730A,SM-G920A
"Mozilla/5.0 (Linux; Android 6.0; LGMS631 Build/MRA58K; wv) AppleWebKit/537.36 (KHTML, like Gecko) Version/4.0 Chrome/51.0.2704.81 Mobile Safari/537.36",model,MS659,MS631
"Mozilla/5.0 (Linux; Android 6.0.1; SM-G900T Build/MMB29M; wv) AppleWebKit/537.36 (KHTML, like Gecko) Version/4.0 Chrome/51.0.2704.81 Mobile Safari/537.36",vendor,Sprint,Samsung
"Mozilla/5.0 (Linux; Android 6.0.1; SM-G900T Build/MMB29M; wv) AppleWebKit/537.36 (KHTML, like Gecko) Version/4.0 Chrome/51.0.2704.81 Mobile Safari/537.36",model,SM-G900P,SM-G900T
"Mozilla/5.0 (Linux; Android 5.1.1; SAMSUNG-SM-G530AZ Build/LMY48B; wv) AppleWebKit/537.36 (KHTML, like Gecko) Version/4.0 Chrome/51.0.2704.81 Mobile Safari/537.36",model,SM-G730A,SM-G530AZ
"Mozilla/5.0 (Linux; Android 5.0; SM-G900V Build/LRX21T; wv) AppleWebKit/537.36 (KHTML, like Gecko) Version/4.0 Chrome/51.0.2704.81 Mobile Safari/537.36",vendor,Sprint,Samsung
"Mozilla/5.0 (Linux; Android 5.0; SM-G900V Build/LRX21T; wv) AppleWebKit/537.36 (KHTML, like Gecko) Version/4.0 Chrome/51.0.2704.81 Mobile Safari/537.36",model,SM-G900P,SM-G900V
"Mozilla/5.0 (Linux; Android 5.0.2; SM-T530 Build/LRX22G; wv) AppleWebKit/537.36 (KHTML, like Gecko) Version/4.0 Chrome/51.0.2704.81 Safari/537.36",model,SM-T520,SM-T530
"Mozilla/5.0 (Linux; Android 6.0.1; SAMSUNG-SM-G930A Build/MMB29M; wv) AppleWebKit/537.36 (KHTML, like Gecko) Version/4.0 Chrome/51.0.2704.81 Mobile Safari/537.36",model,SM-G730A,SM-G930A
"Mozilla/5.0 (Linux; Android 4.4.2; SM-G355M Build/KOT49H) AppleWebKit/537.36 (KHTML, like Gecko) Version/4.0 Chrome/30.0.0.0 Mobile Safari/537.36",model,SM-G350,SM-G355M
"Mozilla/5.0 (Linux; Android 6.0.1; SM-T550 Build/MMB29M; wv) AppleWebKit/537.36 (KHTML, like Gecko) Version/4.0 Chrome/51.0.2704.81 Safari/537.36",model,SM-T520,SM-T550
"Mozilla/5.0 (Linux; Android 6.0.1; SAMSUNG-SM-G935A Build/MMB29M; wv) AppleWebKit/537.36 (KHTML, like Gecko) Version/4.0 Chrome/51.0.2704.81 Mobile Safari/537.36",model,SM-G730A,SM-G935A
"Mozilla/5.0 (Linux; Android 6.0.1; SAMSUNG-SM-G890A Build/MMB29K; wv) AppleWebKit/537.36 (KHTML, like Gecko) Version/4.0 Chrome/51.0.2704.81 Mobile Safari/537.36",model,SM-G730A,SM-G890A
"Mozilla/5.0 (Linux; Android 5.0; SAMSUNG-SM-G900A Build/LRX21T; wv) AppleWebKit/537.36 (KHTML, like Gecko) Version/4.0 Chrome/51.0.2704.81 Mobile Safari/537.36",model,SM-G730A,SM-G900A
"Mozilla/5.0 (Linux; Android 4.4.2; SM-G355H Build/KOT49H) AppleWebKit/537.36 (KHTML, like Gecko) Version/4.0 Chrome/30.0.0.0 Mobile Safari/537.36",model,SM-G350,SM-G355H
"Mozilla/5.0 (Linux; Android 6.0; VS985 4G Build/MRA58K; wv) AppleWebKit/537.36 (KHTML, like Gecko) Version/4.0 Chrome/51.0.2704.81 Mobile Safari/537.36",model,VS980,VS985
"Mozilla/5.0 (Linux; Android 6.0; XT1068 Build/MPB24.65-34; wv) AppleWebKit/537.36 (KHTML, like Gecko) Version/4.0 Chrome/51.0.2704.81 Mobile Safari/537.36",model,XT1060,XT1068
"Mozilla/5.0 (Linux; Android 4.4.4; SM-T113NU Build/KTU84P) AppleWebKit/537.36 (KHTML, like Gecko) Version/4.0 Chrome/33.0.0.0 Safari/537.36",model,SM-T110,SM-T113NU
"Mozilla/5.0 (Linux; Android 6.0; HTC One_M8 Build/MRA58K; wv) AppleWebKit/537.36 (KHTML, like Gecko) Version/4.0 Chrome/51.0.2704.81 Mobile Safari/537.36",model,One S,One M8
"Mozilla/5.0 (Linux; Android 4.4.4; SM-T560 Build/KTU84P) AppleWebKit/537.36 (KHTML, like Gecko) Version/4.0 Chrome/33.0.0.0 Safari/537.36",model,SM-T520,SM-T560
"Mozilla/5.0 (Linux; Android 5.1.1; SM-G903F Build/LMY47X; wv) AppleWebKit/537.36 (KHTML, like Gecko) Version/4.0 Chrome/51.0.2704.81 Mobile Safari/537.36",vendor,Sprint,Samsung
"Mozilla/5.0 (Linux; Android 5.1.1; SM-G903F Build/LMY47X; wv) AppleWebKit/537.36 (KHTML, like Gecko) Version/4.0 Chrome/51.0.2704.81 Mobile Safari/537.36",model,SM-G900P,SM-G903F
"Mozilla/5.0 (Linux; Android 5.0.1; SPH-L720T Build/LRX22C; wv) AppleWebKit/537.36 (KHTML, like Gecko) Version/4.0 Chrome/51.0.2704.81 Mobile Safari/537.36",model,SPH-L720,SPH-L720T
"Mozilla/5.0 (Linux; Android 4.4; LGL34C Build/KRT16S.L34CV10c) AppleWebKit/537.36 (KHTML, like Gecko) Version/4.0 Chrome/30.0.0.0 Mobile Safari/537.36 AerServSDK/2.30",model,L35G,L34C
"Mozilla/5.0 (Linux; Android 4.4.4; SM-G357FZ Build/KTU84P) AppleWebKit/537.36 (KHTML, like Gecko) Version/4.0 Chrome/33.0.0.0 Mobile Safari/537.36",model,SM-G350,SM-G357FZ
"Mozilla/5.0 (Linux; Android 4.4.2; SM-G386T1 Build/KOT49H) AppleWebKit/537.36 (KHTML, like Gecko) Version/4.0 Chrome/30.0.0.0 Mobile Safari/537.36",model,SM-G386F,SM-G386T1
"Mozilla/5.0 (Linux; Android 5.0; SM-G900P Build/LRX21T; wv) AppleWebKit/537.36 (KHTML, like Gecko) Version/4.0 Chrome/51.0.2704.81 Mobile Safari/537.36",vendor,Sprint,Samsung
"Mozilla/5.0 (Linux; Android 4.4.2; SM-G386T Build/KOT49H) AppleWebKit/537.36 (KHTML, like Gecko) Version/4.0 Chrome/30.0.0.0 Mobile Safari/537.36",model,SM-G386F,SM-G386T
"Mozilla/5.0 (Linux; Android 6.0.1; SAMSUNG-SM-G925A Build/MMB29K; wv) AppleWebKit/537.36 (KHTML, like Gecko) Version/4.0 Chrome/51.0.2704.81 Mobile Safari/537.36",model,SM-G730A,SM-G925A
"Mozilla/5.0 (Linux; Android 5.0; SM-N900T Build/LRX21V; wv) AppleWebKit/537.36 (KHTML, like Gecko) Version/4.0 Chrome/51.0.2704.81 Mobile Safari/537.36",model,SM-N900A,SM-N900T
"Mozilla/5.0 (Linux; Android 6.0; XT1069 Build/MPB24.65-34; wv) AppleWebKit/537.36 (KHTML, like Gecko) Version/4.0 Chrome/51.0.2704.81 Mobile Safari/537.36",model,XT1060,XT1069
"Mozilla/5.0 (Linux; Android 6.0.1; SAMSUNG-SM-G928A Build/MMB29K; wv) AppleWebKit/537.36 (KHTML, like Gecko) Version/4.0 Chrome/51.0.2704.81 Mobile Safari/537.36",model,SM-G730A,SM-G928A
"Mozilla/5.0 (Linux; Android 5.0.2; SM-G901F Build/LRX22G; wv) AppleWebKit/537.36 (KHTML, like Gecko) Version/4.0 Chrome/51.0.2704.81 Mobile Safari/537.36",vendor,Sprint,Samsung
"Mozilla/5.0 (Linux; Android 5.0.2; SM-G901F Build/LRX22G; wv) AppleWebKit/537.36 (KHTML, like Gecko) Version/4.0 Chrome/51.0.2704.81 Mobile Safari/537.36",model,SM-G900P,SM-G901F
"Mozilla/5.0 (Linux; Android 6.0.1; SM-G903F Build/MMB29K; wv) AppleWebKit/537.36 (KHTML, like Gecko) Version/4.0 Chrome/51.0.2704.81 Mobile Safari/537.36",vendor,Sprint,Samsung
"Mozilla/5.0 (Linux; Android 6.0.1; SM-G903F Build/MMB29K; wv) AppleWebKit/537.36 (KHTML, like Gecko) Version/4.0 Chrome/51.0.2704.81 Mobile Safari/537.36",model,SM-G900P,SM-G903F
"Mozilla/5.0 (Linux; Android 5.0.2; SM-T530NU Build/LRX22G; wv) AppleWebKit/537.36 (KHTML, like Gecko) Version/4.0 Chrome/51.0.2704.81 Safari/537.36",model,SM-T520,SM-T530nu
"Mozilla/5.0 (Linux; Android 4.4.2; Lenovo A536 Build/KOT49H) AppleWebKit/537.36 (KHTML, like Gecko) Version/4.0 Chrome/30.0.0.0 Mobile Safari/537.36",model,A530,A536
"Mozilla/5.0 (Linux; Android 6.0.1; SM-G900V Build/MMB29M; wv) AppleWebKit/537.36 (KHTML, like Gecko) Version/4.0 Chrome/51.0.2704.81 Mobile Safari/537.36 (Mobile; afma-sdk-a-v9256438.8487000.1)",vendor,Sprint,Samsung
"Mozilla/5.0 (Linux; Android 6.0.1; SM-G900V Build/MMB29M; wv) AppleWebKit/537.36 (KHTML, like Gecko) Version/4.0 Chrome/51.0.2704.81 Mobile Safari/537.36 (Mobile; afma-sdk-a-v9256438.8487000.1)",model,SM-G900P,SM-G900V
"Mozilla/5.0 (Linux; Android 4.4.2; T1-701u Build/HuaweiMediaPad) AppleWebKit/537.36 (KHTML, like Gecko) Version/4.0 Chrome/30.0.0.0 Safari/537.36",vendor,Advan,Huawei
"Mozilla/5.0 (Linux; Android 6.0; VS986 Build/MRA58K; wv) AppleWebKit/537.36 (KHTML, like Gecko) Version/4.0 Chrome/51.0.2704.81 Mobile Safari/537.36",model,VS980,VS986
"Mozilla/5.0 (Linux; Android 4.4.4; GT-I9060M Build/KTU84P) AppleWebKit/537.36 (KHTML, like Gecko) Version/4.0 Chrome/33.0.0.0 Mobile Safari/537.36",model,GT-I9060,GT-I9060M
"Mozilla/5.0 (Linux; Android 6.0.1; SM-G900R4 Build/MMB29M; wv) AppleWebKit/537.36 (KHTML, like Gecko) Version/4.0 Chrome/51.0.2704.81 Mobile Safari/537.36",vendor,Sprint,Samsung
"Mozilla/5.0 (Linux; Android 6.0.1; SM-G900R4 Build/MMB29M; wv) AppleWebKit/537.36 (KHTML, like Gecko) Version/4.0 Chrome/51.0.2704.81 Mobile Safari/537.36",model,SM-G900P,SM-G900R4
"Mozilla/5.0 (Linux; Android 4.4.4; SM-T116 Build/KTU84P) AppleWebKit/537.36 (KHTML, like Gecko) Version/4.0 Chrome/33.0.0.0 Safari/537.36",model,SM-T110,SM-T116
"Mozilla/5.0 (Linux; Android 6.0.1; SM-G900V Build/MMB29M) AppleWebKit/537.36 (KHTML, like Gecko) Chrome/51.0.2704.81 Mobile Safari/537.36",vendor,Sprint,Samsung
"Mozilla/5.0 (Linux; Android 6.0.1; SM-G900V Build/MMB29M) AppleWebKit/537.36 (KHTML, like Gecko) Chrome/51.0.2704.81 Mobile Safari/537.36",model,SM-G900P,SM-G900V
"Mozilla/5.0 (Linux; Android 4.4.2; SPH-L710T Build/KOT49H) AppleWebKit/537.36 (KHTML, like Gecko) Version/4.0 Chrome/30.0.0.0 Mobile Safari/537.36",model,SPH-L710,SPH-L710T
"Mozilla/5.0 (Linux; Android 4.4.2; HTC Desire 510 Build/KOT49H) AppleWebKit/537.36 (KHTML, like Gecko) Version/4.0 Chrome/30.0.0.0 Mobile Safari/537.36",model,Desire 500,Desire 510
"Mozilla/5.0 (Linux; Android 4.4.2; C6730 Build/KVT49L) AppleWebKit/537.36 (KHTML, like Gecko) Version/4.0 Chrome/30.0.0.0 Mobile Safari/537.36",model,C6750,C6730
"Mozilla/5.0 (Linux; Android 5.1.1; D2303 Build/18.6.A.0.182; wv) AppleWebKit/537.36 (KHTML, like Gecko) Version/4.0 Chrome/51.0.2704.81 Mobile Safari/537.36",vendor,Unknown,Sony
"Mozilla/5.0 (Linux; Android 5.1.1; D2303 Build/18.6.A.0.182; wv) AppleWebKit/537.36 (KHTML, like Gecko) Version/4.0 Chrome/51.0.2704.81 Mobile Safari/537.36",model,D23,D2303
"Mozilla/5.0 (Linux; Android 5.0.2; SM-T550 Build/LRX22G; wv) AppleWebKit/537.36 (KHTML, like Gecko) Version/4.0 Chrome/51.0.2704.81 Safari/537.36",model,SM-T520,SM-T550
"Mozilla/5.0 (Linux; Android 5.0; SM-G900H Build/LRX21T; wv) AppleWebKit/537.36 (KHTML, like Gecko) Version/4.0 Chrome/51.0.2704.81 Mobile Safari/537.36",vendor,Sprint,Samsung
"Mozilla/5.0 (Linux; Android 5.0; SM-G900H Build/LRX21T; wv) AppleWebKit/537.36 (KHTML, like Gecko) Version/4.0 Chrome/51.0.2704.81 Mobile Safari/537.36",model,SM-G900P,SM-G900H
"Mozilla/5.0 (Linux; Android 4.4.2; SM-G900F Build/KOT49H) AppleWebKit/537.36 (KHTML, like Gecko) Version/4.0 Chrome/30.0.0.0 Mobile Safari/537.36",vendor,Sprint,Samsung
"Mozilla/5.0 (Linux; Android 4.4.2; SM-G900F Build/KOT49H) AppleWebKit/537.36 (KHTML, like Gecko) Version/4.0 Chrome/30.0.0.0 Mobile Safari/537.36",model,SM-G900P,SM-G900F
"Mozilla/5.0 (Linux; Android 5.1.1; SAMSUNG-SM-G870A Build/LMY47X; wv) AppleWebKit/537.36 (KHTML, like Gecko) Version/4.0 Chrome/51.0.2704.81 Mobile Safari/537.36",model,SM-G730A,SM-G870A
"Mozilla/5.0 (Linux; Android 6.0.1; SM-G900V Build/MMB29M; wv) AppleWebKit/537.36 (KHTML, like Gecko) Version/4.0 Chrome/49.0.2623.105 Mobile Safari/537.36",vendor,Sprint,Samsung
"Mozilla/5.0 (Linux; Android 6.0.1; SM-G900V Build/MMB29M; wv) AppleWebKit/537.36 (KHTML, like Gecko) Version/4.0 Chrome/49.0.2623.105 Mobile Safari/537.36",model,SM-G900P,SM-G900V
"Mozilla/5.0 (Linux; Android 4.4.2; CHM-U01 Build/HonorCHM-U01) AppleWebKit/537.36 (KHTML, like Gecko) Version/4.0 Chrome/30.0.0.0 Mobile Safari/537.36",vendor,Difrnce,Huawei
"Mozilla/5.0 (Linux; Android 4.4.2; CHM-U01 Build/HonorCHM-U01) AppleWebKit/537.36 (KHTML, like Gecko) Version/4.0 Chrome/30.0.0.0 Mobile Safari/537.36",model,DIT8010,CHM-U01
"Mozilla/5.0 (Linux; Android 4.4.2; SGH-T399N Build/KOT49H) AppleWebKit/537.36 (KHTML, like Gecko) Version/4.0 Chrome/30.0.0.0 Mobile Safari/537.36",model,SGH-T399,SGH-T399N
"Mozilla/5.0 (Linux; Android 5.0.2; SM-T555 Build/LRX22G; wv) AppleWebKit/537.36 (KHTML, like Gecko) Version/4.0 Chrome/51.0.2704.81 Safari/537.36",model,SM-T520,SM-T555
"Mozilla/5.0 (Linux; Android 4.4.4; Lenovo A6000 Build/KTU84P) AppleWebKit/537.36 (KHTML, like Gecko) Version/4.0 Chrome/33.0.0.0 Mobile Safari/537.36",model,A60,A6000
"Mozilla/5.0 (Linux; Android 4.4.2; SM-G900T Build/KOT49H) AppleWebKit/537.36 (KHTML, like Gecko) Version/4.0 Chrome/30.0.0.0 Mobile Safari/537.36",vendor,Sprint,Samsung
"Mozilla/5.0 (Linux; Android 4.4.2; SM-G900T Build/KOT49H) AppleWebKit/537.36 (KHTML, like Gecko) Version/4.0 Chrome/30.0.0.0 Mobile Safari/537.36",model,SM-G900P,SM-G900T
"Mozilla/5.0 (Linux; Android 4.4.2; SM-G350E Build/KOT49H) AppleWebKit/537.36 (KHTML, like Gecko) Version/4.0 Chrome/30.0.0.0 Mobile Safari/537.36",model,SM-G350,SM-G350E
"Mozilla/5.0 (Linux; Android 5.1.1; SM-G900T Build/LMY47X; wv) AppleWebKit/537.36 (KHTML, like Gecko) Version/4.0 Chrome/51.0.2704.81 Mobile Safari/537.36",vendor,Sprint,Samsung
"Mozilla/5.0 (Linux; Android 5.1.1; SM-G900T Build/LMY47X; wv) AppleWebKit/537.36 (KHTML, like Gecko) Version/4.0 Chrome/51.0.2704.81 Mobile Safari/537.36",model,SM-G900P,SM-G900T
"Mozilla/5.0 (Linux; Android 5.1.1; SAMSUNG-SM-G530A Build/LMY48B; wv) AppleWebKit/537.36 (KHTML, like Gecko) Version/4.0 Chrome/51.0.2704.81 Mobile Safari/537.36",model,SM-G730A,SM-G530AZ
"Mozilla/5.0 (Linux; Android 6.0.1; Nexus 5 Build/MOB30M; wv) AppleWebKit/537.36 (KHTML, like Gecko) Version/4.0 Chrome/51.0.2704.81 Mobile Safari/537.36",vendor,Google,LG
"Mozilla/5.0 (Linux; Android 6.0.1; Nexus 5 Build/MOB30M; wv) AppleWebKit/537.36 (KHTML, like Gecko) Version/4.0 Chrome/51.0.2704.81 Mobile Safari/537.36",model,Nexus 5,D820
"Mozilla/5.0 (Linux; Android 6.0.1; SM-G900W8 Build/MMB29M; wv) AppleWebKit/537.36 (KHTML, like Gecko) Version/4.0 Chrome/51.0.2704.81 Mobile Safari/537.36",vendor,Sprint,Samsung
"Mozilla/5.0 (Linux; Android 6.0.1; SM-G900W8 Build/MMB29M; wv) AppleWebKit/537.36 (KHTML, like Gecko) Version/4.0 Chrome/51.0.2704.81 Mobile Safari/537.36",model,SM-G900P,SM-G900W8
"Mozilla/5.0 (Linux; Android 5.1; N9518 Build/LMY47O; wv) AppleWebKit/537.36 (KHTML, like Gecko) Version/4.0 Chrome/51.0.2704.81 Mobile Safari/537.36",model,N9510,N9518
"Mozilla/5.0 (Linux; Android 5.1.1; SAMSUNG-SM-G890A Build/LMY47X; wv) AppleWebKit/537.36 (KHTML, like Gecko) Version/4.0 Chrome/51.0.2704.81 Mobile Safari/537.36",model,SM-G730A,SM-G890A
"Mozilla/5.0 (Linux; Android 4.4.4; SM-T561 Build/KTU84P) AppleWebKit/537.36 (KHTML, like Gecko) Version/4.0 Chrome/33.0.0.0 Safari/537.36",model,SM-T520,SM-T561
"Mozilla/5.0 (Linux; Android 5.0.1; GT-I9506 Build/LRX22C; wv) AppleWebKit/537.36 (KHTML, like Gecko) Version/4.0 Chrome/51.0.2704.81 Mobile Safari/537.36",model,GT-i9506,GT-I9506
"Mozilla/5.0 (Linux; Android 6.0.1; Nexus 5 Build/MOB30P; wv) AppleWebKit/537.36 (KHTML, like Gecko) Version/4.0 Chrome/51.0.2704.81 Mobile Safari/537.36",vendor,Google,LG
"Mozilla/5.0 (Linux; Android 6.0.1; Nexus 5 Build/MOB30P; wv) AppleWebKit/537.36 (KHTML, like Gecko) Version/4.0 Chrome/51.0.2704.81 Mobile Safari/537.36",model,Nexus 5,D820
"Mozilla/5.0 (Linux; Android 5.0; E2303 Build/26.1.A.3.111; wv) AppleWebKit/537.36 (KHTML, like Gecko) Version/4.0 Chrome/51.0.2704.81 Mobile Safari/537.36",vendor,Coolpad,Sony
"Mozilla/5.0 (Linux; Android 5.0; E2303 Build/26.1.A.3.111; wv) AppleWebKit/537.36 (KHTML, like Gecko) Version/4.0 Chrome/51.0.2704.81 Mobile Safari/537.36",model,E239,E2303
"Mozilla/5.0 (Linux; Android 4.4.4; GT-I9195I Build/KTU84P) AppleWebKit/537.36 (KHTML, like Gecko) Version/4.0 Chrome/33.0.0.0 Mobile Safari/537.36",model,GT-I9195,GT-I9195I
"Mozilla/5.0 (Linux; Android 5.1.1; LGMS631 Build/LMY47V; wv) AppleWebKit/537.36 (KHTML, like Gecko) Version/4.0 Chrome/51.0.2704.81 Mobile Safari/537.36",model,MS659,MS631
"Mozilla/5.0 (Linux; U; Android 4.1.2; ar-ae; GT-S7262 Build/JZO54K) AppleWebKit/534.30 (KHTML, like Gecko) Version/4.0 Mobile Safari/534.30",model,S7260,GT-S7262
"Mozilla/5.0 (Linux; U; Android 4.1.2; ar-ae; GT-I8262 Build/JZO54K) AppleWebKit/534.30 (KHTML, like Gecko) Version/4.0 Mobile Safari/534.30",model,GT-I8262D,GT-I8262
"Mozilla/5.0 (Linux; Android; Device) LiveRailSDK/2.4.2 (AB/com.dailymotion.dailymotion;AV/9190;BV/9190)",osVersions,2.3,null
"Mozilla/5.0 (Linux; Android; Device) LiveRailSDK/2.4.2 (AB/com.dailymotion.dailymotion;AV/9190;BV/9190)",vendor,Samsung,null
"Mozilla/5.0 (Linux; Android; Device) LiveRailSDK/2.4.2 (AB/com.dailymotion.dailymotion;AV/9190;BV/9190)",model,GT-I9100 Galaxy S2,UnKnown
"Mozilla/5.0 (Linux; Android 6.0.1; SAMSUNG-SM-G891A Build/MMB29M; wv) AppleWebKit/537.36 (KHTML, like Gecko) Version/4.0 Chrome/51.0.2704.81 Mobile Safari/537.36",model,SM-G730A,SM-G890A
"Mozilla/5.0 (Linux; Android 5.0.2; SM-T535 Build/LRX22G; wv) AppleWebKit/537.36 (KHTML, like Gecko) Version/4.0 Chrome/51.0.2704.81 Safari/537.36",model,SM-T520,SM-T535
"Mozilla/5.0 (Linux; Android 4.4.2; C6725 Build/KVT49L) AppleWebKit/537.36 (KHTML, like Gecko) Version/4.0 Chrome/30.0.0.0 Mobile Safari/537.36",model,C6750,C6725
"Mozilla/5.0 (Linux; Android 5.0.1; LGL33L Build/LRX21Y; wv) AppleWebKit/537.36 (KHTML, like Gecko) Version/4.0 Chrome/51.0.2704.81 Mobile Safari/537.36",model,L35G,L33L
"Mozilla/5.0 (Linux; Android 4.4; LGL34C Build/KRT16S.L34CV10c) AppleWebKit/537.36 (KHTML, like Gecko) Version/4.0 Chrome/30.0.0.0 Mobile Safari/537.36",model,L35G,L34C
"Mozilla/5.0 (Linux; Android 4.4.4; G7-L01 Build/HuaweiG7-L01) AppleWebKit/537.36 (KHTML, like Gecko) Version/4.0 Chrome/33.0.0.0 Mobile Safari/537.36",vendor,MOQDE,Huawei
"Mozilla/5.0 (Linux; Android 4.4.4; G7-L01 Build/HuaweiG7-L01) AppleWebKit/537.36 (KHTML, like Gecko) Version/4.0 Chrome/33.0.0.0 Mobile Safari/537.36",model,G7,G7-L01
"Mozilla/5.0 (Linux; Android 4.4.2; QMV7B Build/KOT49H) AppleWebKit/537.36 (KHTML, like Gecko) Version/4.0 Chrome/30.0.0.0 Safari/537.36",vendor,Verizon,Quanta
"Mozilla/5.0 (Linux; Android 4.4.2; QMV7B Build/KOT49H) AppleWebKit/537.36 (KHTML, like Gecko) Version/4.0 Chrome/30.0.0.0 Safari/537.36",model,QMV7A,QMV7B
"Mozilla/5.0 (Linux; Android 4.4.2; Lenovo A7600-H Build/KOT49H) AppleWebKit/537.36 (KHTML, like Gecko) Version/4.0 Chrome/30.0.0.0 Safari/537.36",model,A765E,A7600-H
"Mozilla/5.0 (Linux; Android 4.4.2; Lenovo A328 Build/KOT49H) AppleWebKit/537.36 (KHTML, like Gecko) Version/4.0 Chrome/30.0.0.0 Mobile Safari/537.36",model,A326,A328
"Mozilla/5.0 (Linux; Android 5.1; C6740N Build/LMY47O; wv) AppleWebKit/537.36 (KHTML, like Gecko) Version/4.0 Chrome/51.0.2704.81 Mobile Safari/537.36",model,C6750,C6740N
"Mozilla/5.0 (Linux; Android 5.1.1; Y538 Build/HuaweiY538) AppleWebKit/537.36 (KHTML, like Gecko) Version/4.0 Chrome/39.0.0.0 Mobile Safari/537.36",model,Y511-U00,Y538
"Mozilla/5.0 (Linux; Android 5.1.1; Redmi Note 3 Build/LMY47V; wv) AppleWebKit/537.36 (KHTML, like Gecko) Version/4.0 Chrome/51.0.2704.81 Mobile Safari/537.36",vendor,HTC,Xiaomi
"Mozilla/5.0 (Linux; Android 5.1.1; Redmi Note 3 Build/LMY47V; wv) AppleWebKit/537.36 (KHTML, like Gecko) Version/4.0 Chrome/51.0.2704.81 Mobile Safari/537.36",model,Rezound,Redmi Note 3
"Mozilla/5.0 (Linux; Android 5.1.1; HUAWEI SCL-L01 Build/HuaweiSCL-L01) AppleWebKit/537.36 (KHTML, like Gecko) Version/4.0 Chrome/39.0.0.0 Mobile Safari/537.36",model,U8650 Sonic,SCL-L01
"Mozilla/5.0 (Linux; Android 4.4.4; GT-I9060C Build/KTU84P) AppleWebKit/537.36 (KHTML, like Gecko) Version/4.0 Chrome/33.0.0.0 Mobile Safari/537.36",model,GT-I9060,GT-I9060C
"Mozilla/5.0 (Linux; Android 5.1.1; HUAWEI SCL-U31 Build/HuaweiSCL-U31) AppleWebKit/537.36 (KHTML, like Gecko) Version/4.0 Chrome/39.0.0.0 Mobile Safari/537.36",model,U8650 Sonic,SCL-U31
"Mozilla/5.0 (Linux; Android 5.0.1; ALE-L21 Build/HuaweiALE-L21; wv) AppleWebKit/537.36 (KHTML, like Gecko) Version/4.0 Chrome/51.0.2704.81 Mobile Safari/537.36",vendor,NTech,Huawei
"Mozilla/5.0 (Linux; Android 5.0.1; ALE-L21 Build/HuaweiALE-L21; wv) AppleWebKit/537.36 (KHTML, like Gecko) Version/4.0 Chrome/51.0.2704.81 Mobile Safari/537.36",model,Alexis RX5,ALE-L21
"Mozilla/5.0 (Linux; Android 4.4.2; LG-D337 Build/KOT49I) AppleWebKit/537.36 (KHTML, like Gecko) Version/4.0 Chrome/30.0.0.0 Mobile Safari/537.36",model,D320,D337
"Words HD Free 7.02 (iPad; iPhone OS 9.3.2; en_US)",osName,iOS,null
"Mozilla/5.0 (Linux; U; Android 4.3; pt-br; SM-G3502T Build/JLS36C) AppleWebKit/534.30 (KHTML, like Gecko) Version/4.0 Mobile Safari/534.30",model,SM-G350,SM-G3502T
"Mozilla/5.0 (Linux; Android 5.1.1; SAMSUNG-SM-T337A Build/LMY47X; wv) AppleWebKit/537.36 (KHTML, like Gecko) Version/4.0 Chrome/51.0.2704.81 Safari/537.36",model,SM-T217A,SM-T337A
"Mozilla/5.0 (Linux; Android 4.4.4; Z793C Build/KTU84P) AppleWebKit/537.36 (KHTML, like Gecko) Version/4.0 Chrome/33.0.0.0 Mobile Safari/537.36",model,Z796C,Z793C
"Dalvik/2.1.0 (Linux; U; Android 5.0.1; ALE-L21 Build/HuaweiALE-L21)",vendor,Alcatel,Huawei
"Dalvik/1.6.0 (Linux; U; Android 4.2.2; GT-S7580 Build/JDQ39)",model,GT-S7582,GT-S7580
"Mozilla/5.0 (Linux; Android 4.4.4; XT1025 Build/KXC21.5-40) AppleWebKit/537.36 (KHTML, like Gecko) Version/4.0 Chrome/33.0.0.0 Mobile Safari/537.36",vendor,Verizon,Motorola
"Mozilla/5.0 (Linux; Android 4.4.4; XT1025 Build/KXC21.5-40) AppleWebKit/537.36 (KHTML, like Gecko) Version/4.0 Chrome/33.0.0.0 Mobile Safari/537.36",model,XT1028,XT1025
